No. overall,No. in season,Title,Original air date,U.S. viewers (millions),Season,Bethenny Frankel,Luann de Lesseps,Alex McCord,Ramona Singer,Jill Zarin,Kelly Killoren Bensimon,Sonja Morgan,Cindy Barshop,Heather Thomson,Aviva Drescher,Carole Radziwill,Kristen Taekman,Dorinda Medley,Jules Wainstein,Tinsley Mortimer,Leah McSweeney,Eboni K. Williams,Sai De Silva,Ubah Hassan,Erin Lichy,Jenna Lyons,Jessel Taank,Brynn Whitfield,Jennifer Gilbert,Barbara Kavovit,Elyse Slaine,Bershan Shaw
1,1,"""Meet the Wives""",2008-03-04,0.82,1.0,1,1.0,1,1,1.0,0.0,0,0,0.0,0,0,0,0.0,0,0,0,0,0,0,0,0,0,0,0.0,0.0,0.0,0.0
2,2,"""The Hamptons""",2008-03-11,,1.0,1,1.0,1,1,1.0,0.0,0,0,0.0,0,0,0,0.0,0,0,0,0,0,0,0,0,0,0,0.0,0.0,0.0,0.0
3,3,"""Fashion Week""",2008-03-18,,1.0,1,1.0,1,1,1.0,0.0,0,0,0.0,0,0,0,0.0,0,0,0,0,0,0,0,0,0,0,0.0,0.0,0.0,0.0
4,4,"""Social Wife""",2008-03-25,1.14,1.0,1,1.0,1,1,1.0,0.0,0,0,0.0,0,0,0,0.0,0,0,0,0,0,0,0,0,0,0,0.0,0.0,0.0,0.0
5,5,"""Careful, She Bites""",2008-04-01,,1.0,1,1.0,1,1,1.0,0.0,0,0,0.0,0,0,0,0.0,0,0,0,0,0,0,0,0,0,0,0.0,0.0,0.0,0.0
6,6,"""Girl's Night Out""",2008-04-08,,1.0,1,1.0,1,1,1.0,0.0,0,0,0.0,0,0,0,0.0,0,0,0,0,0,0,0,0,0,0,0.0,0.0,0.0,0.0
7,7,"""Second Chances""",2008-04-15,1.43,1.0,1,1.0,1,1,1.0,0.0,0,0,0.0,0,0,0,0.0,0,0,0,0,0,0,0,0,0,0,0.0,0.0,0.0,0.0
8,8,"""Reunion""",2008-04-22,,1.0,1,1.0,1,1,1.0,0.0,0,0,0.0,0,0,0,0.0,0,0,0,0,0,0,0,0,0,0,0.0,0.0,0.0,0.0
9,9,"""The Lost Footage""",2008-05-27,1.06,1.0,1,1.0,1,1,1.0,0.0,0,0,0.0,0,0,0,0.0,0,0,0,0,0,0,0,0,0,0,0.0,0.0,0.0,0.0
10,1,"""There's a New Girl in Town""",2009-02-17,1.64,2.0,1,1.0,1,1,1.0,1.0,0,0,0.0,0,0,0,0.0,0,0,0,0,0,0,0,0,0,0,0.0,0.0,0.0,0.0
11,2,"""Hamptons Retreat... But No Surrender""",2009-02-24,1.86,2.0,1,1.0,1,1,1.0,1.0,0,0,0.0,0,0,0,0.0,0,0,0,0,0,0,0,0,0,0,0.0,0.0,0.0,0.0
12,3,"""On Their High Horses""",2009-03-03,,2.0,1,1.0,1,1,1.0,1.0,0,0,0.0,0,0,0,0.0,0,0,0,0,0,0,0,0,0,0,0.0,0.0,0.0,0.0
13,4,"""If You Have Nothing Nice to Say...""",2009-03-10,,2.0,1,1.0,1,1,1.0,1.0,0,0,0.0,0,0,0,0.0,0,0,0,0,0,0,0,0,0,0,0.0,0.0,0.0,0.0
14,5,"""New York State of Mind""",2009-03-17,,2.0,1,1.0,1,1,1.0,1.0,0,0,0.0,0,0,0,0.0,0,0,0,0,0,0,0,0,0,0,0.0,0.0,0.0,0.0
15,6,"""Runway Run-In""",2009-03-24,,2.0,1,1.0,1,1,1.0,1.0,0,0,0.0,0,0,0,0.0,0,0,0,0,0,0,0,0,0,0,0.0,0.0,0.0,0.0
16,7,"""Kelly vs. Bethenny""",2009-03-31,,2.0,1,1.0,1,1,1.0,1.0,0,0,0.0,0,0,0,0.0,0,0,0,0,0,0,0,0,0,0,0.0,0.0,0.0,0.0
17,8,"""Game, Set, Feud""",2009-04-07,1.74,2.0,1,1.0,1,1,1.0,1.0,0,0,0.0,0,0,0,0.0,0,0,0,0,0,0,0,0,0,0,0.0,0.0,0.0,0.0
18,9,"""Wife in the Fast Lane""",2009-04-14,,2.0,1,1.0,1,1,1.0,1.0,0,0,0.0,0,0,0,0.0,0,0,0,0,0,0,0,0,0,0,0.0,0.0,0.0,0.0
19,10,"""Unfashionably Late""",2009-04-21,,2.0,1,1.0,1,1,1.0,1.0,0,0,0.0,0,0,0,0.0,0,0,0,0,0,0,0,0,0,0,0.0,0.0,0.0,0.0
20,11,"""Van Kempens House Party""",2009-04-28,,2.0,1,1.0,1,1,1.0,1.0,0,0,0.0,0,0,0,0.0,0,0,0,0,0,0,0,0,0,0,0.0,0.0,0.0,0.0
21,12,"""Charity Wives""",2009-05-05,2.03,2.0,1,1.0,1,1,1.0,1.0,0,0,0.0,0,0,0,0.0,0,0,0,0,0,0,0,0,0,0,0.0,0.0,0.0,0.0
22,13,"""Reunion — Part 1""",2009-05-12,2.29,2.0,1,1.0,1,1,1.0,1.0,0,0,0.0,0,0,0,0.0,0,0,0,0,0,0,0,0,0,0,0.0,0.0,0.0,0.0
23,14,"""Reunion — Part 2""",2009-05-14,1.53,2.0,1,1.0,1,1,1.0,1.0,0,0,0.0,0,0,0,0.0,0,0,0,0,0,0,0,0,0,0,0.0,0.0,0.0,0.0
24,15,"""The Lost Footage""",2009-05-28,,2.0,1,1.0,1,1,1.0,1.0,0,0,0.0,0,0,0,0.0,0,0,0,0,0,0,0,0,0,0,0.0,0.0,0.0,0.0
25,1,"""New Alliances""",2010-03-04,2.04,3.0,1,1.0,1,1,1.0,1.0,1,0,0.0,0,0,0,0.0,0,0,0,0,0,0,0,0,0,0,0.5,0.1,0.0,0.0
26,2,"""Dueling Labor Day Parties""",2010-03-11,1.98,3.0,1,1.0,1,1,1.0,1.0,1,0,0.0,0,0,0,0.0,0,0,0,0,0,0,0,0,0,0,0.5,0.1,0.0,0.0
27,3,"""Fall in Manhattan""",2010-03-18,1.75,3.0,1,1.0,1,1,1.0,1.0,1,0,0.0,0,0,0,0.0,0,0,0,0,0,0,0,0,0,0,0.5,0.1,0.0,0.0
28,4,"""Fashion and Fighting""",2010-03-25,1.74,3.0,1,1.0,1,1,1.0,1.0,1,0,0.0,0,0,0,0.0,0,0,0,0,0,0,0,0,0,0,0.5,0.1,0.0,0.0
29,5,"""Hot Off the Press""",2010-04-01,1.53,3.0,1,1.0,1,1,1.0,1.0,1,0,0.0,0,0,0,0.0,0,0,0,0,0,0,0,0,0,0,0.5,0.1,0.0,0.0
30,6,"""The Ambush""",2010-04-08,1.85,3.0,1,1.0,1,1,1.0,1.0,1,0,0.0,0,0,0,0.0,0,0,0,0,0,0,0,0,0,0,0.5,0.1,0.0,0.0
31,7,"""New Girl, Old Money""",2010-04-15,,3.0,1,1.0,1,1,1.0,1.0,1,0,0.0,0,0,0,0.0,0,0,0,0,0,0,0,0,0,0,0.5,0.1,0.0,0.0
32,8,"""Let's See That Ring""",2010-04-22,1.74,3.0,1,1.0,1,1,1.0,1.0,1,0,0.0,0,0,0,0.0,0,0,0,0,0,0,0,0,0,0,0.5,0.1,0.0,0.0
33,9,"""Stay on Message""",2010-04-29,,3.0,1,1.0,1,1,1.0,1.0,1,0,0.0,0,0,0,0.0,0,0,0,0,0,0,0,0,0,0,0.5,0.1,0.0,0.0
34,10,"""Leap Before You Look""",2010-05-06,2.25,3.0,1,1.0,1,1,1.0,1.0,1,0,0.0,0,0,0,0.0,0,0,0,0,0,0,0,0,0,0,0.5,0.1,0.0,0.0
35,11,"""Housewives Overboard""",2010-05-13,2.08,3.0,1,1.0,1,1,1.0,1.0,1,0,0.0,0,0,0,0.0,0,0,0,0,0,0,0,0,0,0,0.5,0.1,0.0,0.0
36,12,"""Sun, Sand and Psychosis""",2010-05-20,2.32,3.0,1,1.0,1,1,1.0,1.0,1,0,0.0,0,0,0,0.0,0,0,0,0,0,0,0,0,0,0,0.5,0.1,0.0,0.0
37,13,"""Shunburn""",2010-05-27,2.56,3.0,1,1.0,1,1,1.0,1.0,1,0,0.0,0,0,0,0.0,0,0,0,0,0,0,0,0,0,0,0.5,0.1,0.0,0.0
38,14,"""Rebuked, Reunited, Renewed""",2010-06-03,2.64,3.0,1,1.0,1,1,1.0,1.0,1,0,0.0,0,0,0,0.0,0,0,0,0,0,0,0,0,0,0,0.5,0.1,0.0,0.0
39,15,"""Reunion — Part 1""",2010-06-10,2.24,3.0,1,1.0,1,1,1.0,1.0,1,0,0.0,0,0,0,0.0,0,0,0,0,0,0,0,0,0,0,0.5,0.1,0.0,0.0
40,16,"""Reunion — Part 2""",2010-06-14,2.05,3.0,1,1.0,1,1,1.0,1.0,1,0,0.0,0,0,0,0.0,0,0,0,0,0,0,0,0,0,0,0.5,0.1,0.0,0.0
41,17,"""Reunion — Part 3""",2010-06-17,2.06,3.0,1,1.0,1,1,1.0,1.0,1,0,0.0,0,0,0,0.0,0,0,0,0,0,0,0,0,0,0,0.5,0.1,0.0,0.0
42,18,"""The Lost Footage""",2010-06-24,1.44,3.0,1,1.0,1,1,1.0,1.0,1,0,0.0,0,0,0,0.0,0,0,0,0,0,0,0,0,0,0,0.5,0.1,0.0,0.0
43,1,"""Grin and Bare It""",2011-04-07,1.97,4.0,0,1.0,1,1,1.0,1.0,1,1,0.0,0,0,0,0.1,0,0,0,0,0,0,0,0,0,0,0.0,0.1,0.0,0.0
44,2,"""March Madness""",2011-04-14,1.86,4.0,0,1.0,1,1,1.0,1.0,1,1,0.0,0,0,0,0.1,0,0,0,0,0,0,0,0,0,0,0.0,0.1,0.0,0.0
45,3,"""Hairy Mess""",2011-04-21,1.93,4.0,0,1.0,1,1,1.0,1.0,1,1,0.0,0,0,0,0.1,0,0,0,0,0,0,0,0,0,0,0.0,0.1,0.0,0.0
46,4,"""Ramona'd""",2011-04-28,1.87,4.0,0,1.0,1,1,1.0,1.0,1,1,0.0,0,0,0,0.1,0,0,0,0,0,0,0,0,0,0,0.0,0.1,0.0,0.0
47,5,"""Follow Pecking Orders""",2011-05-05,1.83,4.0,0,1.0,1,1,1.0,1.0,1,1,0.0,0,0,0,0.1,0,0,0,0,0,0,0,0,0,0,0.0,0.1,0.0,0.0
48,6,"""The Mask Has Two Faces""",2011-05-12,1.79,4.0,0,1.0,1,1,1.0,1.0,1,1,0.0,0,0,0,0.1,0,0,0,0,0,0,0,0,0,0,0.0,0.1,0.0,0.0
49,7,"""Travel Reservations""",2011-05-19,1.80,4.0,0,1.0,1,1,1.0,1.0,1,1,0.0,0,0,0,0.1,0,0,0,0,0,0,0,0,0,0,0.0,0.1,0.0,0.0
50,8,"""Misfortune Teller""",2011-05-26,2.29,4.0,0,1.0,1,1,1.0,1.0,1,1,0.0,0,0,0,0.1,0,0,0,0,0,0,0,0,0,0,0.0,0.1,0.0,0.0
51,9,"""A Riad Divided""",2011-06-02,2.28,4.0,0,1.0,1,1,1.0,1.0,1,1,0.0,0,0,0,0.1,0,0,0,0,0,0,0,0,0,0,0.0,0.1,0.0,0.0
52,10,"""Last Call, Morocco!""",2011-06-09,2.26,4.0,0,1.0,1,1,1.0,1.0,1,1,0.0,0,0,0,0.1,0,0,0,0,0,0,0,0,0,0,0.0,0.1,0.0,0.0
53,11,"""Debt Becomes Her""",2011-06-16,2.04,4.0,0,1.0,1,1,1.0,1.0,1,1,0.0,0,0,0,0.1,0,0,0,0,0,0,0,0,0,0,0.0,0.1,0.0,0.0
54,12,"""Sixteen and Skip the Sweet""",2011-06-23,2.14,4.0,0,1.0,1,1,1.0,1.0,1,1,0.0,0,0,0,0.1,0,0,0,0,0,0,0,0,0,0,0.0,0.1,0.0,0.0
55,13,"""Your Tweeting Heart""",2011-06-30,1.93,4.0,0,1.0,1,1,1.0,1.0,1,1,0.0,0,0,0,0.1,0,0,0,0,0,0,0,0,0,0,0.0,0.1,0.0,0.0
56,14,"""Burlesque is More""",2011-07-07,2.02,4.0,0,1.0,1,1,1.0,1.0,1,1,0.0,0,0,0,0.1,0,0,0,0,0,0,0,0,0,0,0.0,0.1,0.0,0.0
57,15,"""Video Killed the Countess""",2011-07-14,2.17,4.0,0,1.0,1,1,1.0,1.0,1,1,0.0,0,0,0,0.1,0,0,0,0,0,0,0,0,0,0,0.0,0.1,0.0,0.0
58,16,"""L.O.V.E. Duel""",2011-07-21,2.45,4.0,0,1.0,1,1,1.0,1.0,1,1,0.0,0,0,0,0.1,0,0,0,0,0,0,0,0,0,0,0.0,0.1,0.0,0.0
59,17,"""Reunion — Part 1""",2011-07-25,2.33,4.0,0,1.0,1,1,1.0,1.0,1,1,0.0,0,0,0,0.1,0,0,0,0,0,0,0,0,0,0,0.0,0.1,0.0,0.0
60,18,"""Reunion — Part 2""",2011-08-01,1.78,4.0,0,1.0,1,1,1.0,1.0,1,1,0.0,0,0,0,0.1,0,0,0,0,0,0,0,0,0,0,0.0,0.1,0.0,0.0
61,1,"""A New New York""",2012-06-04,1.66,5.0,0,1.0,0,1,0.0,0.0,1,0,1.0,1,1,0,0.0,0,0,0,0,0,0,0,0,0,0,0.1,0.1,0.0,0.0
62,2,"""Say What You Mean, Just Don't Say It Mean""",2012-06-11,1.43,5.0,0,1.0,0,1,0.0,0.0,1,0,1.0,1,1,0,0.0,0,0,0,0,0,0,0,0,0,0,0.1,0.1,0.0,0.0
63,3,"""Boozy Brunch""",2012-06-18,1.39,5.0,0,1.0,0,1,0.0,0.0,1,0,1.0,1,1,0,0.0,0,0,0,0,0,0,0,0,0,0,0.1,0.1,0.0,0.0
64,4,"""Diss-Invite""",2012-06-25,1.46,5.0,0,1.0,0,1,0.0,0.0,1,0,1.0,1,1,0,0.0,0,0,0,0,0,0,0,0,0,0,0.1,0.1,0.0,0.0
65,5,"""The Cool Girls""",2012-07-02,1.39,5.0,0,1.0,0,1,0.0,0.0,1,0,1.0,1,1,0,0.0,0,0,0,0,0,0,0,0,0,0,0.1,0.1,0.0,0.0
66,6,"""I'm U.K., You're U.K.""",2012-07-09,1.30,5.0,0,1.0,0,1,0.0,0.0,1,0,1.0,1,1,0,0.0,0,0,0,0,0,0,0,0,0,0,0.1,0.1,0.0,0.0
67,7,"""Good Trip, Bad Fall""",2012-07-16,1.39,5.0,0,1.0,0,1,0.0,0.0,1,0,1.0,1,1,0,0.0,0,0,0,0,0,0,0,0,0,0,0.1,0.1,0.0,0.0
68,8,"""Blinded by the Wine""",2012-07-23,1.51,5.0,0,1.0,0,1,0.0,0.0,1,0,1.0,1,1,0,0.0,0,0,0,0,0,0,0,0,0,0,0.1,0.1,0.0,0.0
69,9,"""Dirty Ol' Dad""",2012-07-30,1.55,5.0,0,1.0,0,1,0.0,0.0,1,0,1.0,1,1,0,0.0,0,0,0,0,0,0,0,0,0,0,0.1,0.1,0.0,0.0
70,10,"""You Want to What Me in the Where?""",2012-08-06,1.44,5.0,0,1.0,0,1,0.0,0.0,1,0,1.0,1,1,0,0.0,0,0,0,0,0,0,0,0,0,0,0.1,0.1,0.0,0.0
71,11,"""This Party Is Toast""",2012-08-13,1.65,5.0,0,1.0,0,1,0.0,0.0,1,0,1.0,1,1,0,0.0,0,0,0,0,0,0,0,0,0,0,0.1,0.1,0.0,0.0
72,12,"""All How You Spin It""",2012-08-20,1.65,5.0,0,1.0,0,1,0.0,0.0,1,0,1.0,1,1,0,0.0,0,0,0,0,0,0,0,0,0,0,0.1,0.1,0.0,0.0
73,13,"""Pirate Booty Call""",2012-08-27,1.82,5.0,0,1.0,0,1,0.0,0.0,1,0,1.0,1,1,0,0.0,0,0,0,0,0,0,0,0,0,0,0.1,0.1,0.0,0.0
74,14,S* island,2012-09-03,1.93,5.0,0,1.0,0,1,0.0,0.0,1,0,1.0,1,1,0,0.0,0,0,0,0,0,0,0,0,0,0,0.1,0.1,0.0,0.0
75,15,"""Vacation, All I Never Wanted""",2012-09-10,1.80,5.0,0,1.0,0,1,0.0,0.0,1,0,1.0,1,1,0,0.0,0,0,0,0,0,0,0,0,0,0,0.1,0.1,0.0,0.0
76,16,"""What Happens in St. Barths Doesn't Stay in St. Barths""",2012-09-17,1.99,5.0,0,1.0,0,1,0.0,0.0,1,0,1.0,1,1,0,0.0,0,0,0,0,0,0,0,0,0,0,0.1,0.1,0.0,0.0
77,17,"""Don't Make Room for Daddy""",2012-09-24,1.70,5.0,0,1.0,0,1,0.0,0.0,1,0,1.0,1,1,0,0.0,0,0,0,0,0,0,0,0,0,0,0.1,0.1,0.0,0.0
78,18,"""All's Well That Doesn't End Well""",2012-10-01,1.83,5.0,0,1.0,0,1,0.0,0.0,1,0,1.0,1,1,0,0.0,0,0,0,0,0,0,0,0,0,0,0.1,0.1,0.0,0.0
79,19,"""Reunion — Part 1""",2012-10-08,1.70,5.0,0,1.0,0,1,0.0,0.0,1,0,1.0,1,1,0,0.0,0,0,0,0,0,0,0,0,0,0,0.1,0.1,0.0,0.0
80,20,"""Reunion — Part 2""",2012-10-15,1.72,5.0,0,1.0,0,1,0.0,0.0,1,0,1.0,1,1,0,0.0,0,0,0,0,0,0,0,0,0,0,0.1,0.1,0.0,0.0
81,21,"""The Lost Footage""",2012-10-22,0.93,5.0,0,1.0,0,1,0.0,0.0,1,0,1.0,1,1,0,0.0,0,0,0,0,0,0,0,0,0,0,0.1,0.1,0.0,0.0
82,1,"""If You Can Make It Here""",2014-03-11,1.33,6.0,0,0.5,0,1,0.0,0.1,1,0,1.0,1,1,1,0.0,0,0,0,0,0,0,0,0,0,0,0.0,0.1,0.0,0.0
83,2,"""Give Up the Ghostwriter""",2014-03-18,1.31,6.0,0,0.5,0,1,0.0,0.1,1,0,1.0,1,1,1,0.0,0,0,0,0,0,0,0,0,0,0,0.0,0.1,0.0,0.0
84,3,"""Model Behavior""",2014-03-25,1.44,6.0,0,0.5,0,1,0.0,0.1,1,0,1.0,1,1,1,0.0,0,0,0,0,0,0,0,0,0,0,0.0,0.1,0.0,0.0
85,4,"""Holla in the Hamptons""",2014-04-01,1.29,6.0,0,0.5,0,1,0.0,0.1,1,0,1.0,1,1,1,0.0,0,0,0,0,0,0,0,0,0,0,0.0,0.1,0.0,0.0
86,5,"""Everybody Thinks We're Drag Queens""",2014-04-08,1.20,6.0,0,0.5,0,1,0.0,0.1,1,0,1.0,1,1,1,0.0,0,0,0,0,0,0,0,0,0,0,0.0,0.1,0.0,0.0
87,6,"""Unhappy Anniversary""",2014-04-15,1.26,6.0,0,0.5,0,1,0.0,0.1,1,0,1.0,1,1,1,0.0,0,0,0,0,0,0,0,0,0,0,0.0,0.1,0.0,0.0
88,7,"""Fireworks""",2014-04-22,1.38,6.0,0,0.5,0,1,0.0,0.1,1,0,1.0,1,1,1,0.0,0,0,0,0,0,0,0,0,0,0,0.0,0.1,0.0,0.0
89,8,"""Unforgivable Debt""",2014-04-29,1.46,6.0,0,0.5,0,1,0.0,0.1,1,0,1.0,1,1,1,0.0,0,0,0,0,0,0,0,0,0,0,0.0,0.1,0.0,0.0
90,9,"""The Last Splash""",2014-05-06,1.48,6.0,0,0.5,0,1,0.0,0.1,1,0,1.0,1,1,1,0.0,0,0,0,0,0,0,0,0,0,0,0.0,0.1,0.0,0.0
91,10,"""Bon Voyage Ramona""",2014-05-13,1.43,6.0,0,0.5,0,1,0.0,0.1,1,0,1.0,1,1,1,0.0,0,0,0,0,0,0,0,0,0,0,0.0,0.1,0.0,0.0
92,11,"""The Ramona Trap""",2014-05-20,1.20,6.0,0,0.5,0,1,0.0,0.1,1,0,1.0,1,1,1,0.0,0,0,0,0,0,0,0,0,0,0,0.0,0.1,0.0,0.0
93,12,"""Requiem for a Poodle""",2014-05-27,1.17,6.0,0,0.5,0,1,0.0,0.1,1,0,1.0,1,1,1,0.0,0,0,0,0,0,0,0,0,0,0,0.0,0.1,0.0,0.0
94,13,"""Win, Place or Sonja""",2014-06-03,1.13,6.0,0,0.5,0,1,0.0,0.1,1,0,1.0,1,1,1,0.0,0,0,0,0,0,0,0,0,0,0,0.0,0.1,0.0,0.0
95,14,"S*, Lies and Facials",2014-06-10,1.13,6.0,0,0.5,0,1,0.0,0.1,1,0,1.0,1,1,1,0.0,0,0,0,0,0,0,0,0,0,0,0.0,0.1,0.0,0.0
96,15,"""Ten Gallon Spats""",2014-06-17,1.01,6.0,0,0.5,0,1,0.0,0.1,1,0,1.0,1,1,1,0.0,0,0,0,0,0,0,0,0,0,0,0.0,0.1,0.0,0.0
97,16,"""Go Yell It on the Mountain""",2014-06-24,1.27,6.0,0,0.5,0,1,0.0,0.1,1,0,1.0,1,1,1,0.0,0,0,0,0,0,0,0,0,0,0,0.0,0.1,0.0,0.0
98,17,"""Bury the Hatchet""",2014-07-01,1.15,6.0,0,0.5,0,1,0.0,0.1,1,0,1.0,1,1,1,0.0,0,0,0,0,0,0,0,0,0,0,0.0,0.1,0.0,0.0
99,18,"""Something to Sing About""",2014-07-08,1.29,6.0,0,0.5,0,1,0.0,0.1,1,0,1.0,1,1,1,0.0,0,0,0,0,0,0,0,0,0,0,0.0,0.1,0.0,0.0
100,19,"""There's Something About Harry""",2014-07-15,1.13,6.0,0,0.5,0,1,0.0,0.1,1,0,1.0,1,1,1,0.0,0,0,0,0,0,0,0,0,0,0,0.0,0.1,0.0,0.0
101,20,"""The Last Leg""",2014-07-22,1.50,6.0,0,0.5,0,1,0.0,0.1,1,0,1.0,1,1,1,0.0,0,0,0,0,0,0,0,0,0,0,0.0,0.1,0.0,0.0
102,21,"""Reunion — Part 1""",2014-07-29,1.31,6.0,0,0.5,0,1,0.0,0.1,1,0,1.0,1,1,1,0.0,0,0,0,0,0,0,0,0,0,0,0.0,0.1,0.0,0.0
103,22,"""Reunion — Part 2""",2014-08-05,1.51,6.0,0,0.5,0,1,0.0,0.1,1,0,1.0,1,1,1,0.0,0,0,0,0,0,0,0,0,0,0,0.0,0.1,0.0,0.0
104,23,"""Reunion — Part 3""",2014-08-12,1.31,6.0,0,0.5,0,1,0.0,0.1,1,0,1.0,1,1,1,0.0,0,0,0,0,0,0,0,0,0,0,0.0,0.1,0.0,0.0
105,1,"""The B Is Back""",2015-04-07,1.57,7.0,1,1.0,0,1,0.0,0.1,1,0,1.0,0,1,1,1.0,0,0,0,0,0,0,0,0,0,0,0.0,0.0,0.0,0.0
106,2,"""New House, Old Grudges""",2015-04-14,1.52,7.0,1,1.0,0,1,0.0,0.1,1,0,1.0,0,1,1,1.0,0,0,0,0,0,0,0,0,0,0,0.0,0.0,0.0,0.0
107,3,"""Battle Of The Brunches""",2015-04-21,1.45,7.0,1,1.0,0,1,0.0,0.1,1,0,1.0,0,1,1,1.0,0,0,0,0,0,0,0,0,0,0,0.0,0.0,0.0,0.0
108,4,"""The Art Of Being A Cougar""",2015-04-28,1.30,7.0,1,1.0,0,1,0.0,0.1,1,0,1.0,0,1,1,1.0,0,0,0,0,0,0,0,0,0,0,0.0,0.0,0.0,0.0
109,5,"""Mind Your Own Business""",2015-05-05,1.31,7.0,1,1.0,0,1,0.0,0.1,1,0,1.0,0,1,1,1.0,0,0,0,0,0,0,0,0,0,0,0.0,0.0,0.0,0.0
110,6,"""Double Down on Delusion""",2015-05-12,1.39,7.0,1,1.0,0,1,0.0,0.1,1,0,1.0,0,1,1,1.0,0,0,0,0,0,0,0,0,0,0,0.0,0.0,0.0,0.0
111,7,"""Family Matters""",2015-05-19,1.09,7.0,1,1.0,0,1,0.0,0.1,1,0,1.0,0,1,1,1.0,0,0,0,0,0,0,0,0,0,0,0.0,0.0,0.0,0.0
112,8,"""The Cavi-Art of War""",2015-05-26,1.30,7.0,1,1.0,0,1,0.0,0.1,1,0,1.0,0,1,1,1.0,0,0,0,0,0,0,0,0,0,0,0.0,0.0,0.0,0.0
113,9,"""Birthday in the Berks""",2015-06-02,1.18,7.0,1,1.0,0,1,0.0,0.1,1,0,1.0,0,1,1,1.0,0,0,0,0,0,0,0,0,0,0,0.0,0.0,0.0,0.0
114,10,"""Pop of Crazy""",2015-06-09,1.23,7.0,1,1.0,0,1,0.0,0.1,1,0,1.0,0,1,1,1.0,0,0,0,0,0,0,0,0,0,0,0.0,0.0,0.0,0.0
115,11,"""Fashionably Fired Up""",2015-06-16,1.16,7.0,1,1.0,0,1,0.0,0.1,1,0,1.0,0,1,1,1.0,0,0,0,0,0,0,0,0,0,0,0.0,0.0,0.0,0.0
116,12,"""Lord of the Manor""",2015-06-23,1.41,7.0,1,1.0,0,1,0.0,0.1,1,0,1.0,0,1,1,1.0,0,0,0,0,0,0,0,0,0,0,0.0,0.0,0.0,0.0
117,13,"""Sonja Island""",2015-06-30,1.27,7.0,1,1.0,0,1,0.0,0.1,1,0,1.0,0,1,1,1.0,0,0,0,0,0,0,0,0,0,0,0.0,0.0,0.0,0.0
118,14,"""Conch Blocked""",2015-07-07,1.36,7.0,1,1.0,0,1,0.0,0.1,1,0,1.0,0,1,1,1.0,0,0,0,0,0,0,0,0,0,0,0.0,0.0,0.0,0.0
119,15,"""Don't Be All, Like, Uncool""",2015-07-14,1.51,7.0,1,1.0,0,1,0.0,0.1,1,0,1.0,0,1,1,1.0,0,0,0,0,0,0,0,0,0,0,0.0,0.0,0.0,0.0
120,16,"""Awfully Charitable""",2015-07-21,1.24,7.0,1,1.0,0,1,0.0,0.1,1,0,1.0,0,1,1,1.0,0,0,0,0,0,0,0,0,0,0,0.0,0.0,0.0,0.0
121,17,"""London Calling""",2015-07-28,1.11,7.0,1,1.0,0,1,0.0,0.1,1,0,1.0,0,1,1,1.0,0,0,0,0,0,0,0,0,0,0,0.0,0.0,0.0,0.0
122,18,"""Rumble on the Runway""",2015-08-04,1.24,7.0,1,1.0,0,1,0.0,0.1,1,0,1.0,0,1,1,1.0,0,0,0,0,0,0,0,0,0,0,0.0,0.0,0.0,0.0
123,19,"New Beginnings, My A*",2015-08-11,1.41,7.0,1,1.0,0,1,0.0,0.1,1,0,1.0,0,1,1,1.0,0,0,0,0,0,0,0,0,0,0,0.0,0.0,0.0,0.0
124,20,"""Reunion — Part 1""",2015-08-18,1.31,7.0,1,1.0,0,1,0.0,0.1,1,0,1.0,0,1,1,1.0,0,0,0,0,0,0,0,0,0,0,0.0,0.0,0.0,0.0
125,21,"""Reunion — Part 2""",2015-08-25,1.39,7.0,1,1.0,0,1,0.0,0.1,1,0,1.0,0,1,1,1.0,0,0,0,0,0,0,0,0,0,0,0.0,0.0,0.0,0.0
126,22,"""Reunion — Part 3""",2015-08-27,0.84,7.0,1,1.0,0,1,0.0,0.1,1,0,1.0,0,1,1,1.0,0,0,0,0,0,0,0,0,0,0,0.0,0.0,0.0,0.0
127,23,"""Secrets Revealed""",2015-09-03,0.70,7.0,1,1.0,0,1,0.0,0.1,1,0,1.0,0,1,1,1.0,0,0,0,0,0,0,0,0,0,0,0.0,0.0,0.0,0.0
128,24,"""100th Special: Watch What Happens Live Special""",2015-09-17,,7.0,1,1.0,0,1,0.0,0.1,1,0,1.0,0,1,1,1.0,0,0,0,0,0,0,0,0,0,0,0.0,0.0,0.0,0.0
129,1,"""Start Spreading the News""",2016-04-06,1.25,8.0,1,1.0,0,1,0.0,0.0,1,0,0.1,0,1,0,1.0,1,0,0,0,0,0,0,0,0,0,0.0,0.1,0.0,0.0
130,2,"""An Intimates Affair""",2016-04-13,1.24,8.0,1,1.0,0,1,0.0,0.0,1,0,0.1,0,1,0,1.0,1,0,0,0,0,0,0,0,0,0,0.0,0.1,0.0,0.0
131,3,"""The Biggest Boob""",2016-04-20,1.43,8.0,1,1.0,0,1,0.0,0.0,1,0,0.1,0,1,0,1.0,1,0,0,0,0,0,0,0,0,0,0.0,0.1,0.0,0.0
132,4,"""BBQ, Brunch, or Bust""",2016-04-27,1.32,8.0,1,1.0,0,1,0.0,0.0,1,0,0.1,0,1,0,1.0,1,0,0,0,0,0,0,0,0,0,0.0,0.1,0.0,0.0
133,5,"""Birthday Bashing""",2016-05-04,1.32,8.0,1,1.0,0,1,0.0,0.0,1,0,0.1,0,1,0,1.0,1,0,0,0,0,0,0,0,0,0,0.0,0.1,0.0,0.0
134,6,"""Tipsying Point""",2016-05-11,1.31,8.0,1,1.0,0,1,0.0,0.0,1,0,0.1,0,1,0,1.0,1,0,0,0,0,0,0,0,0,0,0.0,0.1,0.0,0.0
135,7,"""Airing Your Dirty Laundry""",2016-05-18,1.30,8.0,1,1.0,0,1,0.0,0.0,1,0,0.1,0,1,0,1.0,1,0,0,0,0,0,0,0,0,0,0.0,0.1,0.0,0.0
136,8,"""All the Countess's Men""",2016-05-25,1.56,8.0,1,1.0,0,1,0.0,0.0,1,0,0.1,0,1,0,1.0,1,0,0,0,0,0,0,0,0,0,0.0,0.1,0.0,0.0
137,9,"""December: Berkshires County""",2016-06-01,1.61,8.0,1,1.0,0,1,0.0,0.0,1,0,0.1,0,1,0,1.0,1,0,0,0,0,0,0,0,0,0,0.0,0.1,0.0,0.0
138,10,"""Unhappy Holidays""",2016-06-08,1.52 ,8.0,1,1.0,0,1,0.0,0.0,1,0,0.1,0,1,0,1.0,1,0,0,0,0,0,0,0,0,0,0.0,0.1,0.0,0.0
139,11,"""Invitation Interrupted""",2016-06-15,1.60,8.0,1,1.0,0,1,0.0,0.0,1,0,0.1,0,1,0,1.0,1,0,0,0,0,0,0,0,0,0,0.0,0.1,0.0,0.0
140,12,"Always the B*, Never the Bride",2016-06-22,1.38,8.0,1,1.0,0,1,0.0,0.0,1,0,0.1,0,1,0,1.0,1,0,0,0,0,0,0,0,0,0,0.0,0.1,0.0,0.0
141,13,"""Steel Calzones""",2016-06-29,1.57,8.0,1,1.0,0,1,0.0,0.0,1,0,0.1,0,1,0,1.0,1,0,0,0,0,0,0,0,0,0,0.0,0.1,0.0,0.0
142,14,"""The Benefits of Friendship""",2016-07-06,1.62,8.0,1,1.0,0,1,0.0,0.0,1,0,0.1,0,1,0,1.0,1,0,0,0,0,0,0,0,0,0,0.0,0.1,0.0,0.0
143,15,"""All Bets Are Off""",2016-07-13,1.53,8.0,1,1.0,0,1,0.0,0.0,1,0,0.1,0,1,0,1.0,1,0,0,0,0,0,0,0,0,0,0.0,0.1,0.0,0.0
144,16,"""The Countess Bride""",2016-07-20,1.32,8.0,1,1.0,0,1,0.0,0.0,1,0,0.1,0,1,0,1.0,1,0,0,0,0,0,0,0,0,0,0.0,0.1,0.0,0.0
145,17,"""And Away We Finally Go""",2016-07-27,1.43,8.0,1,1.0,0,1,0.0,0.0,1,0,0.1,0,1,0,1.0,1,0,0,0,0,0,0,0,0,0,0.0,0.1,0.0,0.0
146,18,"""Body of Evidence""",2016-08-03,1.79,8.0,1,1.0,0,1,0.0,0.0,1,0,0.1,0,1,0,1.0,1,0,0,0,0,0,0,0,0,0,0.0,0.1,0.0,0.0
147,19,"""Tomfoolery""",2016-08-17,1.78,8.0,1,1.0,0,1,0.0,0.0,1,0,0.1,0,1,0,1.0,1,0,0,0,0,0,0,0,0,0,0.0,0.1,0.0,0.0
148,20,"""Say It Ain't So""",2016-08-24,1.96,8.0,1,1.0,0,1,0.0,0.0,1,0,0.1,0,1,0,1.0,1,0,0,0,0,0,0,0,0,0,0.0,0.1,0.0,0.0
149,21,"""Reunion Part 1[133]""",2016-08-31,1.82,8.0,1,1.0,0,1,0.0,0.0,1,0,0.1,0,1,0,1.0,1,0,0,0,0,0,0,0,0,0,0.0,0.1,0.0,0.0
150,22,"""Reunion Part 2[133]""",2016-09-07,1.81,8.0,1,1.0,0,1,0.0,0.0,1,0,0.1,0,1,0,1.0,1,0,0,0,0,0,0,0,0,0,0.0,0.1,0.0,0.0
151,23,"""Reunion Part 3[133]""",2016-09-14,1.76,8.0,1,1.0,0,1,0.0,0.0,1,0,0.1,0,1,0,1.0,1,0,0,0,0,0,0,0,0,0,0.0,0.1,0.0,0.0
152,1,"""Talk of the Town""",2017-04-05,1.27,9.0,1,1.0,0,1,0.1,0.0,1,0,0.1,0,1,0,1.0,0,1,0,0,0,0,0,0,0,0,0.0,0.1,0.1,0.0
153,2,"""It Girl, Interrupted""",2017-04-12,1.29,9.0,1,1.0,0,1,0.1,0.0,1,0,0.1,0,1,0,1.0,0,1,0,0,0,0,0,0,0,0,0.0,0.1,0.1,0.0
154,3,"""A New Low""",2017-04-19,1.38,9.0,1,1.0,0,1,0.1,0.0,1,0,0.1,0,1,0,1.0,0,1,0,0,0,0,0,0,0,0,0.0,0.1,0.1,0.0
155,4,"""The Etiquette of Friendship""",2017-04-26,1.43,9.0,1,1.0,0,1,0.1,0.0,1,0,0.1,0,1,0,1.0,0,1,0,0,0,0,0,0,0,0,0.0,0.1,0.1,0.0
156,5,"""The Politics of Friendship""",2017-05-03,1.36,9.0,1,1.0,0,1,0.1,0.0,1,0,0.1,0,1,0,1.0,0,1,0,0,0,0,0,0,0,0,0.0,0.1,0.1,0.0
157,6,"""Wishful Invitation""",2017-05-10,1.31,9.0,1,1.0,0,1,0.1,0.0,1,0,0.1,0,1,0,1.0,0,1,0,0,0,0,0,0,0,0,0.0,0.1,0.1,0.0
158,7,"""Bidding on Love""",2017-05-17,1.33,9.0,1,1.0,0,1,0.1,0.0,1,0,0.1,0,1,0,1.0,0,1,0,0,0,0,0,0,0,0,0.0,0.1,0.1,0.0
159,8,"""Return of the Berserkshires""",2017-05-24,1.25,9.0,1,1.0,0,1,0.1,0.0,1,0,0.1,0,1,0,1.0,0,1,0,0,0,0,0,0,0,0,0.0,0.1,0.1,0.0
160,9,"""Two Weeks Notice""",2017-05-31,1.61,9.0,1,1.0,0,1,0.1,0.0,1,0,0.1,0,1,0,1.0,0,1,0,0,0,0,0,0,0,0,0.0,0.1,0.1,0.0
161,10,"""Black Out and Get Out""",2017-06-07,1.61,9.0,1,1.0,0,1,0.1,0.0,1,0,0.1,0,1,0,1.0,0,1,0,0,0,0,0,0,0,0,0.0,0.1,0.1,0.0
162,11,"""A Countess No More""",2017-06-14,1.69,9.0,1,1.0,0,1,0.1,0.0,1,0,0.1,0,1,0,1.0,0,1,0,0,0,0,0,0,0,0,0.0,0.1,0.1,0.0
163,12,"""Regency Reunion""",2017-06-21,1.59,9.0,1,1.0,0,1,0.1,0.0,1,0,0.1,0,1,0,1.0,0,1,0,0,0,0,0,0,0,0,0.0,0.1,0.1,0.0
164,13,"""A Bronx Tale""",2017-06-28,1.45,9.0,1,1.0,0,1,0.1,0.0,1,0,0.1,0,1,0,1.0,0,1,0,0,0,0,0,0,0,0,0.0,0.1,0.1,0.0
165,14,"""A Slippery Slope""",2017-07-05,1.63,9.0,1,1.0,0,1,0.1,0.0,1,0,0.1,0,1,0,1.0,0,1,0,0,0,0,0,0,0,0,0.0,0.1,0.1,0.0
166,15,"""Oil and Vinegar""",2017-07-12,1.55,9.0,1,1.0,0,1,0.1,0.0,1,0,0.1,0,1,0,1.0,0,1,0,0,0,0,0,0,0,0,0.0,0.1,0.1,0.0
167,16,"""Three Tequila… Floor!""",2017-07-19,1.70,9.0,1,1.0,0,1,0.1,0.0,1,0,0.1,0,1,0,1.0,0,1,0,0,0,0,0,0,0,0,0.0,0.1,0.1,0.0
168,17,"""Tequila-thon""",2017-07-26,1.78,9.0,1,1.0,0,1,0.1,0.0,1,0,0.1,0,1,0,1.0,0,1,0,0,0,0,0,0,0,0,0.0,0.1,0.1,0.0
169,18,"""Make Out, Make Up""",2017-08-02,1.64,9.0,1,1.0,0,1,0.1,0.0,1,0,0.1,0,1,0,1.0,0,1,0,0,0,0,0,0,0,0,0.0,0.1,0.1,0.0
170,19,"""Thank You and Good Night""",2017-08-09,1.72,9.0,1,1.0,0,1,0.1,0.0,1,0,0.1,0,1,0,1.0,0,1,0,0,0,0,0,0,0,0,0.0,0.1,0.1,0.0
171,20,"""Reunion Part 1""",2017-08-16,1.62,9.0,1,1.0,0,1,0.1,0.0,1,0,0.1,0,1,0,1.0,0,1,0,0,0,0,0,0,0,0,0.0,0.1,0.1,0.0
172,21,"""Reunion Part 2""",2017-08-23,1.39,9.0,1,1.0,0,1,0.1,0.0,1,0,0.1,0,1,0,1.0,0,1,0,0,0,0,0,0,0,0,0.0,0.1,0.1,0.0
173,22,"""Reunion Part 3""",2017-08-30,1.47,9.0,1,1.0,0,1,0.1,0.0,1,0,0.1,0,1,0,1.0,0,1,0,0,0,0,0,0,0,0,0.0,0.1,0.1,0.0
174,1,"""Gouls Just Wanna Have Fun""",2018-04-04,1.39,10.0,1,1.0,0,1,0.1,0.0,1,0,0.1,0,1,0,1.0,0,1,0,0,0,0,0,0,0,0,0.0,0.0,0.1,0.0
175,2,"""Running Your Mouth""",2018-04-11,1.27,10.0,1,1.0,0,1,0.1,0.0,1,0,0.1,0,1,0,1.0,0,1,0,0,0,0,0,0,0,0,0.0,0.0,0.1,0.0
176,3,"""Til Brunch Do Us Part""",2018-04-18,1.34,10.0,1,1.0,0,1,0.1,0.0,1,0,0.1,0,1,0,1.0,0,1,0,0,0,0,0,0,0,0,0.0,0.0,0.1,0.0
177,4,"""War and P.O.S.""",2018-04-25,1.43,10.0,1,1.0,0,1,0.1,0.0,1,0,0.1,0,1,0,1.0,0,1,0,0,0,0,0,0,0,0,0.0,0.0,0.1,0.0
178,5,"""Tea for Tat""",2018-05-02,1.37,10.0,1,1.0,0,1,0.1,0.0,1,0,0.1,0,1,0,1.0,0,1,0,0,0,0,0,0,0,0,0.0,0.0,0.1,0.0
179,6,"""Grief and Relief""",2018-05-09,1.44,10.0,1,1.0,0,1,0.1,0.0,1,0,0.1,0,1,0,1.0,0,1,0,0,0,0,0,0,0,0,0.0,0.0,0.1,0.0
180,7,"""On an Island""",2018-05-16,1.41,10.0,1,1.0,0,1,0.1,0.0,1,0,0.1,0,1,0,1.0,0,1,0,0,0,0,0,0,0,0,0.0,0.0,0.1,0.0
181,8,"""A Frittered Friendship""",2018-05-23,1.23,10.0,1,1.0,0,1,0.1,0.0,1,0,0.1,0,1,0,1.0,0,1,0,0,0,0,0,0,0,0,0.0,0.0,0.1,0.0
182,9,"""Holidazed and Confused""",2018-05-30,1.45,10.0,1,1.0,0,1,0.1,0.0,1,0,0.1,0,1,0,1.0,0,1,0,0,0,0,0,0,0,0,0.0,0.0,0.1,0.0
183,10,"""You Broke the Penal Code""",2018-06-06,1.39,10.0,1,1.0,0,1,0.1,0.0,1,0,0.1,0,1,0,1.0,0,1,0,0,0,0,0,0,0,0,0.0,0.0,0.1,0.0
184,11,"""Faux Weddings and a Funeral""",2018-06-13,1.40,10.0,1,1.0,0,1,0.1,0.0,1,0,0.1,0,1,0,1.0,0,1,0,0,0,0,0,0,0,0,0.0,0.0,0.1,0.0
185,12,"""Every Mayflower Has Its Thorn""",2018-06-20,1.37,10.0,1,1.0,0,1,0.1,0.0,1,0,0.1,0,1,0,1.0,0,1,0,0,0,0,0,0,0,0,0.0,0.0,0.1,0.0
186,13,"""Arrest and Relaxation""",2018-06-27,1.38,10.0,1,1.0,0,1,0.1,0.0,1,0,0.1,0,1,0,1.0,0,1,0,0,0,0,0,0,0,0,0.0,0.0,0.1,0.0
187,14,"""Dating Wishes and Cabaret Dreams""",2018-07-11,1.31,10.0,1,1.0,0,1,0.1,0.0,1,0,0.1,0,1,0,1.0,0,1,0,0,0,0,0,0,0,0,0.0,0.0,0.1,0.0
188,15,"""Wigging Out""",2018-07-18,1.36,10.0,1,1.0,0,1,0.1,0.0,1,0,0.1,0,1,0,1.0,0,1,0,0,0,0,0,0,0,0,0.0,0.0,0.1,0.0
189,16,"""Guess Who's Arguing at Dinner?""",2018-07-25,1.48,10.0,1,1.0,0,1,0.1,0.0,1,0,0.1,0,1,0,1.0,0,1,0,0,0,0,0,0,0,0,0.0,0.0,0.1,0.0
190,17,"""Ship Happens""",2018-08-01,1.50,10.0,1,1.0,0,1,0.1,0.0,1,0,0.1,0,1,0,1.0,0,1,0,0,0,0,0,0,0,0,0.0,0.0,0.1,0.0
191,18,"""There's No Place Like Home""",2018-08-08,1.37,10.0,1,1.0,0,1,0.1,0.0,1,0,0.1,0,1,0,1.0,0,1,0,0,0,0,0,0,0,0,0.0,0.0,0.1,0.0
192,19,"""Life Is a Cabaret""",2018-08-15,1.24,10.0,1,1.0,0,1,0.1,0.0,1,0,0.1,0,1,0,1.0,0,1,0,0,0,0,0,0,0,0,0.0,0.0,0.1,0.0
193,20,"""Reunion Part 1""",2018-08-22,1.27,10.0,1,1.0,0,1,0.1,0.0,1,0,0.1,0,1,0,1.0,0,1,0,0,0,0,0,0,0,0,0.0,0.0,0.1,0.0
194,21,"""Reunion Part 2""",2018-08-29,1.39,10.0,1,1.0,0,1,0.1,0.0,1,0,0.1,0,1,0,1.0,0,1,0,0,0,0,0,0,0,0,0.0,0.0,0.1,0.0
195,22,"""Reunion Part 3""",2018-09-05,1.26,10.0,1,1.0,0,1,0.1,0.0,1,0,0.1,0,1,0,1.0,0,1,0,0,0,0,0,0,0,0,0.0,0.0,0.1,0.0
196,1,"""Divided, They Summer""",2019-03-06,1.54,11.0,1,1.0,0,1,0.1,0.0,1,0,0.0,0,0,0,1.0,0,1,0,0,0,0,0,0,0,0,0.0,0.5,0.0,0.0
197,2,"""Things Are Going Southampton""",2019-03-13,1.38,11.0,1,1.0,0,1,0.1,0.0,1,0,0.0,0,0,0,1.0,0,1,0,0,0,0,0,0,0,0,0.0,0.5,0.0,0.0
198,3,"""It's a Clam Shame""",2019-03-20,1.27,11.0,1,1.0,0,1,0.1,0.0,1,0,0.0,0,0,0,1.0,0,1,0,0,0,0,0,0,0,0,0.0,0.5,0.0,0.0
199,4,"""Making Up Is Hard to Do""",2019-03-27,1.27,11.0,1,1.0,0,1,0.1,0.0,1,0,0.0,0,0,0,1.0,0,1,0,0,0,0,0,0,0,0,0.0,0.5,0.0,0.0
200,5,"""Shark Bait""",2019-04-03,1.35,11.0,1,1.0,0,1,0.1,0.0,1,0,0.0,0,0,0,1.0,0,1,0,0,0,0,0,0,0,0,0.0,0.5,0.0,0.0
201,6,"""Sleeping With the Fishes""",2019-04-10,1.39,11.0,1,1.0,0,1,0.1,0.0,1,0,0.0,0,0,0,1.0,0,1,0,0,0,0,0,0,0,0,0.0,0.5,0.0,0.0
202,7,"""It's Kind of a Phone-y Story""",2019-04-17,1.17,11.0,1,1.0,0,1,0.1,0.0,1,0,0.0,0,0,0,1.0,0,1,0,0,0,0,0,0,0,0,0.0,0.5,0.0,0.0
203,8,"""Birds, Broads and Breakups""",2019-04-24,1.16,11.0,1,1.0,0,1,0.1,0.0,1,0,0.0,0,0,0,1.0,0,1,0,0,0,0,0,0,0,0,0.0,0.5,0.0,0.0
204,9,"""Tears of a Clown""",2019-05-01,1.13,11.0,1,1.0,0,1,0.1,0.0,1,0,0.0,0,0,0,1.0,0,1,0,0,0,0,0,0,0,0,0.0,0.5,0.0,0.0
205,10,"""Shalloween""",2019-05-08,1.12,11.0,1,1.0,0,1,0.1,0.0,1,0,0.0,0,0,0,1.0,0,1,0,0,0,0,0,0,0,0,0.0,0.5,0.0,0.0
206,11,"""Upstate Girls""",2019-05-15,1.30,11.0,1,1.0,0,1,0.1,0.0,1,0,0.0,0,0,0,1.0,0,1,0,0,0,0,0,0,0,0,0.0,0.5,0.0,0.0
207,12,"""Luann Land""",2019-05-22,1.22,11.0,1,1.0,0,1,0.1,0.0,1,0,0.0,0,0,0,1.0,0,1,0,0,0,0,0,0,0,0,0.0,0.5,0.0,0.0
208,13,"""It's Not You, It's Miami""",2019-05-29,1.35,11.0,1,1.0,0,1,0.1,0.0,1,0,0.0,0,0,0,1.0,0,1,0,0,0,0,0,0,0,0,0.0,0.5,0.0,0.0
209,14,"""Caught Between an Ex and a Hard Place""",2019-06-05,1.36,11.0,1,1.0,0,1,0.1,0.0,1,0,0.0,0,0,0,1.0,0,1,0,0,0,0,0,0,0,0,0.0,0.5,0.0,0.0
210,15,"""Life Is Not a Cabaret""",2019-06-12,1.43,11.0,1,1.0,0,1,0.1,0.0,1,0,0.0,0,0,0,1.0,0,1,0,0,0,0,0,0,0,0,0.0,0.5,0.0,0.0
211,16,"""More than a Feelin'""",2019-06-20,1.38,11.0,1,1.0,0,1,0.1,0.0,1,0,0.0,0,0,0,1.0,0,1,0,0,0,0,0,0,0,0,0.0,0.5,0.0,0.0
212,17,"""Jesus, the Countess and Joseph""",2019-06-27,1.27,11.0,1,1.0,0,1,0.1,0.0,1,0,0.0,0,0,0,1.0,0,1,0,0,0,0,0,0,0,0,0.0,0.5,0.0,0.0
213,18,"""Reunion Part 1""",2019-07-11,1.29,11.0,1,1.0,0,1,0.1,0.0,1,0,0.0,0,0,0,1.0,0,1,0,0,0,0,0,0,0,0,0.0,0.5,0.0,0.0
214,19,"""Reunion Part 2""",2019-07-18,1.09,11.0,1,1.0,0,1,0.1,0.0,1,0,0.0,0,0,0,1.0,0,1,0,0,0,0,0,0,0,0,0.0,0.5,0.0,0.0
215,20,"""Reunion Part 3""",2019-07-25,1.21,11.0,1,1.0,0,1,0.1,0.0,1,0,0.0,0,0,0,1.0,0,1,0,0,0,0,0,0,0,0,0.0,0.5,0.0,0.0
216,1,"""Back in the NY Groove""",2020-04-02,1.09,12.0,0,1.0,0,1,0.1,0.0,1,0,0.1,0,0,0,1.0,0,1,1,0,0,0,0,0,0,0,0.0,0.0,0.5,0.0
217,2,"""Stooping to a Lower Level""",2020-04-09,1.03,12.0,0,1.0,0,1,0.1,0.0,1,0,0.1,0,0,0,1.0,0,1,1,0,0,0,0,0,0,0,0.0,0.0,0.5,0.0
218,3,"""Don't Mansion It""",2020-04-16,1.17,12.0,0,1.0,0,1,0.1,0.0,1,0,0.1,0,0,0,1.0,0,1,1,0,0,0,0,0,0,0,0.0,0.0,0.5,0.0
219,4,"""Ain't No Party Like a Hamptons Party""",2020-04-23,1.25,12.0,0,1.0,0,1,0.1,0.0,1,0,0.1,0,0,0,1.0,0,1,1,0,0,0,0,0,0,0,0.0,0.0,0.5,0.0
220,5,"""Not So Model Behavior""",2020-04-30,1.22,12.0,0,1.0,0,1,0.1,0.0,1,0,0.1,0,0,0,1.0,0,1,1,0,0,0,0,0,0,0,0.0,0.0,0.5,0.0
221,6,"""Just the Sip""",2020-05-07,1.18,12.0,0,1.0,0,1,0.1,0.0,1,0,0.1,0,0,0,1.0,0,1,1,0,0,0,0,0,0,0,0.0,0.0,0.5,0.0
222,7,"""How Ya Like Them Apples?""",2020-05-14,1.27,12.0,0,1.0,0,1,0.1,0.0,1,0,0.1,0,0,0,1.0,0,1,1,0,0,0,0,0,0,0,0.0,0.0,0.5,0.0
223,8,"""If You Can't Take the Heat, Get Out of the Russian Bath House""",2020-05-21,1.14,12.0,0,1.0,0,1,0.1,0.0,1,0,0.1,0,0,0,1.0,0,1,1,0,0,0,0,0,0,0,0.0,0.0,0.5,0.0
224,9,"""Hurricane Leah""",2020-05-28,1.33,12.0,0,1.0,0,1,0.1,0.0,1,0,0.1,0,0,0,1.0,0,1,1,0,0,0,0,0,0,0,0.0,0.0,0.5,0.0
225,10,"""Something's Brewing""",2020-06-04,1.18,12.0,0,1.0,0,1,0.1,0.0,1,0,0.1,0,0,0,1.0,0,1,1,0,0,0,0,0,0,0,0.0,0.0,0.5,0.0
226,11,"""Love Him and Leave Them""",2020-06-11,1.18,12.0,0,1.0,0,1,0.1,0.0,1,0,0.1,0,0,0,1.0,0,1,1,0,0,0,0,0,0,0,0.0,0.0,0.5,0.0
227,12,"""Eat, Drink and Be Scary""",2020-07-02,0.88,12.0,0,1.0,0,1,0.1,0.0,1,0,0.1,0,0,0,1.0,0,1,1,0,0,0,0,0,0,0,0.0,0.0,0.5,0.0
228,13,"""Not Feeling Jovani""",2020-07-09,1.11,12.0,0,1.0,0,1,0.1,0.0,1,0,0.1,0,0,0,1.0,0,1,1,0,0,0,0,0,0,0,0.0,0.0,0.5,0.0
229,14,"""Remember Your Blue Stone Manners""",2020-07-16,1.11,12.0,0,1.0,0,1,0.1,0.0,1,0,0.1,0,0,0,1.0,0,1,1,0,0,0,0,0,0,0,0.0,0.0,0.5,0.0
230,15,"""Sheer Madness""",2020-07-23,1.12,12.0,0,1.0,0,1,0.1,0.0,1,0,0.1,0,0,0,1.0,0,1,1,0,0,0,0,0,0,0,0.0,0.0,0.5,0.0
231,16,"""Not Very Merry-achi""",2020-07-30,1.18,12.0,0,1.0,0,1,0.1,0.0,1,0,0.1,0,0,0,1.0,0,1,1,0,0,0,0,0,0,0,0.0,0.0,0.5,0.0
232,17,"""Back on the Hump""",2020-08-06,1.16,12.0,0,1.0,0,1,0.1,0.0,1,0,0.1,0,0,0,1.0,0,1,1,0,0,0,0,0,0,0,0.0,0.0,0.5,0.0
233,18,"""Hitting All the Wrong Cenotes""",2020-08-13,1.22,12.0,0,1.0,0,1,0.1,0.0,1,0,0.1,0,0,0,1.0,0,1,1,0,0,0,0,0,0,0,0.0,0.0,0.5,0.0
234,19,"""21st Century Sonja""",2020-08-20,1.06,12.0,0,1.0,0,1,0.1,0.0,1,0,0.1,0,0,0,1.0,0,1,1,0,0,0,0,0,0,0,0.0,0.0,0.5,0.0
235,20,"""No Party Like a Mob Party""",2020-08-27,1.12,12.0,0,1.0,0,1,0.1,0.0,1,0,0.1,0,0,0,1.0,0,1,1,0,0,0,0,0,0,0,0.0,0.0,0.5,0.0
236,21,"""Viva la Dysfunction""",2020-09-03,1.12,12.0,0,1.0,0,1,0.1,0.0,1,0,0.1,0,0,0,1.0,0,1,1,0,0,0,0,0,0,0,0.0,0.0,0.5,0.0
237,22,"""Reunion Part 1""",2020-09-10,1.13,12.0,0,1.0,0,1,0.1,0.0,1,0,0.1,0,0,0,1.0,0,1,1,0,0,0,0,0,0,0,0.0,0.0,0.5,0.0
238,23,"""Reunion Part 2""",2020-09-17,1.02,12.0,0,1.0,0,1,0.1,0.0,1,0,0.1,0,0,0,1.0,0,1,1,0,0,0,0,0,0,0,0.0,0.0,0.5,0.0
239,24,"""Reunion Part 3""",2020-09-24,1.00,12.0,0,1.0,0,1,0.1,0.0,1,0,0.1,0,0,0,1.0,0,1,1,0,0,0,0,0,0,0,0.0,0.0,0.5,0.0
240,25,"""Secrets Revealed""",2020-10-01,0.50,12.0,0,1.0,0,1,0.1,0.0,1,0,0.1,0,0,0,1.0,0,1,1,0,0,0,0,0,0,0,0.0,0.0,0.5,0.0
241,1,"""Back in the Big Apple""",2021-05-04,0.96,13.0,0,1.0,0,1,0.0,0.0,1,0,0.5,0,0,0,0.0,0,0,1,1,0,0,0,0,0,0,0.0,0.0,0.0,0.5
242,2,"""Burning Up""",2021-05-11,0.87,13.0,0,1.0,0,1,0.0,0.0,1,0,0.5,0,0,0,0.0,0,0,1,1,0,0,0,0,0,0,0.0,0.0,0.0,0.5
243,3,"""A High Rate of Interest""",2021-05-18,0.82,13.0,0,1.0,0,1,0.0,0.0,1,0,0.5,0,0,0,0.0,0,0,1,1,0,0,0,0,0,0,0.0,0.0,0.0,0.5
244,4,"""Putting the Tiff in Tiffany's""",2021-05-25,0.84,13.0,0,1.0,0,1,0.0,0.0,1,0,0.5,0,0,0,0.0,0,0,1,1,0,0,0,0,0,0,0.0,0.0,0.0,0.5
245,5,"""How Nude""",2021-06-01,0.88,13.0,0,1.0,0,1,0.0,0.0,1,0,0.5,0,0,0,0.0,0,0,1,1,0,0,0,0,0,0,0.0,0.0,0.0,0.5
246,6,"""Stop and Throw the Roses""",2021-06-08,0.88,13.0,0,1.0,0,1,0.0,0.0,1,0,0.5,0,0,0,0.0,0,0,1,1,0,0,0,0,0,0,0.0,0.0,0.0,0.5
247,7,"""Electile Dysfunction""",2021-06-15,0.87,13.0,0,1.0,0,1,0.0,0.0,1,0,0.5,0,0,0,0.0,0,0,1,1,0,0,0,0,0,0,0.0,0.0,0.0,0.5
248,8,"""A Harlem Night""",2021-06-29,0.76,13.0,0,1.0,0,1,0.0,0.0,1,0,0.5,0,0,0,0.0,0,0,1,1,0,0,0,0,0,0,0.0,0.0,0.0,0.5
249,9,"""The Salem B... Trials""",2021-07-06,0.86,13.0,0,1.0,0,1,0.0,0.0,1,0,0.5,0,0,0,0.0,0,0,1,1,0,0,0,0,0,0,0.0,0.0,0.0,0.5
250,10,"""Light as a Feather, Stiff as a Bored""",2021-07-13,0.72,13.0,0,1.0,0,1,0.0,0.0,1,0,0.5,0,0,0,0.0,0,0,1,1,0,0,0,0,0,0,0.0,0.0,0.0,0.5
251,11,"""The Witching Hour""",2021-07-20,0.88,13.0,0,1.0,0,1,0.0,0.0,1,0,0.5,0,0,0,0.0,0,0,1,1,0,0,0,0,0,0,0.0,0.0,0.0,0.5
252,12,"""Baby It’s Cold Inside""",2021-07-27,0.81,13.0,0,1.0,0,1,0.0,0.0,1,0,0.5,0,0,0,0.0,0,0,1,1,0,0,0,0,0,0,0.0,0.0,0.0,0.5
253,13,"""Ho Ho Holidays""",2021-08-03,0.82,13.0,0,1.0,0,1,0.0,0.0,1,0,0.5,0,0,0,0.0,0,0,1,1,0,0,0,0,0,0,0.0,0.0,0.0,0.5
254,14,"""Hanger Pains""",2021-08-10,0.81,13.0,0,1.0,0,1,0.0,0.0,1,0,0.5,0,0,0,0.0,0,0,1,1,0,0,0,0,0,0,0.0,0.0,0.0,0.5
255,15,"""B...ing and Ramoaning""",2021-08-17,0.83,13.0,0,1.0,0,1,0.0,0.0,1,0,0.5,0,0,0,0.0,0,0,1,1,0,0,0,0,0,0,0.0,0.0,0.0,0.5
256,16,"""Be Mine, Galentine""",2021-08-24,0.75,13.0,0,1.0,0,1,0.0,0.0,1,0,0.5,0,0,0,0.0,0,0,1,1,0,0,0,0,0,0,0.0,0.0,0.0,0.5
257,17,"""The Doppelgang's All Here""",2021-08-31,0.84,13.0,0,1.0,0,1,0.0,0.0,1,0,0.5,0,0,0,0.0,0,0,1,1,0,0,0,0,0,0,0.0,0.0,0.0,0.5
258,18,"""So...That Happened""",2021-09-07,0.54,13.0,0,1.0,0,1,0.0,0.0,1,0,0.5,0,0,0,0.0,0,0,1,1,0,0,0,0,0,0,0.0,0.0,0.0,0.5
259,1,"""New Era, New York""",2023-07-16,0.67,14.0,0,0.0,0,0,0.0,0.0,0,0,0.0,0,0,0,0.0,0,0,0,0,1,1,1,1,1,1,0.0,0.0,0.0,0.0
260,2,"""Oh Christmas Tree!""",2023-07-23,0.51,14.0,0,0.0,0,0,0.0,0.0,0,0,0.0,0,0,0,0.0,0,0,0,0,1,1,1,1,1,1,0.0,0.0,0.0,0.0
261,3,"""Two Truths and No Shakshuka""",2023-07-30,0.45,14.0,0,0.0,0,0,0.0,0.0,0,0,0.0,0,0,0,0.0,0,0,0,0,1,1,1,1,1,1,0.0,0.0,0.0,0.0
262,4,"""The Most Brynnteresting Girl in the Room""",2023-08-06,0.47,14.0,0,0.0,0,0,0.0,0.0,0,0,0.0,0,0,0,0.0,0,0,0,0,1,1,1,1,1,1,0.0,0.0,0.0,0.0
263,5,"""Fashionably Absent""",2023-08-13,0.44,14.0,0,0.0,0,0,0.0,0.0,0,0,0.0,0,0,0,0.0,0,0,0,0,1,1,1,1,1,1,0.0,0.0,0.0,0.0
264,6,"""Anniversorry, Not Sorry""",2023-08-20,0.56,14.0,0,0.0,0,0,0.0,0.0,0,0,0.0,0,0,0,0.0,0,0,0,0,1,1,1,1,1,1,0.0,0.0,0.0,0.0
265,7,"""You Wreath What You Sow""",2023-08-27,0.52,14.0,0,0.0,0,0,0.0,0.0,0,0,0.0,0,0,0,0.0,0,0,0,0,1,1,1,1,1,1,0.0,0.0,0.0,0.0
266,8,"""Business Classy""",2023-09-03,0.46,14.0,0,0.0,0,0,0.0,0.0,0,0,0.0,0,0,0,0.0,0,0,0,0,1,1,1,1,1,1,0.0,0.0,0.0,0.0
267,9,"""Nothing Vanilla About Anguilla""",2023-09-10,0.55,14.0,0,0.0,0,0,0.0,0.0,0,0,0.0,0,0,0,0.0,0,0,0,0,1,1,1,1,1,1,0.0,0.0,0.0,0.0
268,10,"""Naughty-ical by Nature""",2023-09-17,0.48,14.0,0,0.0,0,0,0.0,0.0,0,0,0.0,0,0,0,0.0,0,0,0,0,1,1,1,1,1,1,0.0,0.0,0.0,0.0
269,11,"""The Case of the Missing Phone""",2023-09-24,0.50,14.0,0,0.0,0,0,0.0,0.0,0,0,0.0,0,0,0,0.0,0,0,0,0,1,1,1,1,1,1,0.0,0.0,0.0,0.0
270,12,"""Well Healed""",2023-10-01,0.46,14.0,0,0.0,0,0,0.0,0.0,0,0,0.0,0,0,0,0.0,0,0,0,0,1,1,1,1,1,1,0.0,0.0,0.0,0.0
271,13,"""A Night at Swingers""",2023-10-08,0.42,14.0,0,0.0,0,0,0.0,0.0,0,0,0.0,0,0,0,0.0,0,0,0,0,1,1,1,1,1,1,0.0,0.0,0.0,0.0
272,14,"""Connecticut-ing the Dots""",2023-10-15,0.52,14.0,0,0.0,0,0,0.0,0.0,0,0,0.0,0,0,0,0.0,0,0,0,0,1,1,1,1,1,1,0.0,0.0,0.0,0.0
273,15,"""Reunion Part 1""",2023-10-22,0.54,14.0,0,0.0,0,0,0.0,0.0,0,0,0.0,0,0,0,0.0,0,0,0,0,1,1,1,1,1,1,0.0,0.0,0.0,0.0
274,16,"""Reunion Part 2""",2023-10-29,0.54,14.0,0,0.0,0,0,0.0,0.0,0,0,0.0,0,0,0,0.0,0,0,0,0,1,1,1,1,1,1,0.0,0.0,0.0,0.0
